channel_group_name,state,testing_point,opps,bids,win_rate,sold,binds,quotes,click_to_quote,channel_quote,click_to_channel_quote,q2b,channel_binds,channel_q2b,cpc,avg_bid,win_rate_uplift_state,cpc_uplift_state,win_rate_uplift_channel,cpc_uplift_channel,performance,roe,combined_ratio,win_rate_uplift,cpc_uplift,additional_clicks,expected_bind_change,additional_budget_needed,current_cpb,expected_cpb,cpb_uplift,stat_sig,stat_sig_channel_group,stat_sig_source,recommended_testing_point,segment,used_in_rollup
Group 05,OR,0,29,29,0,0,0,0,0,0,0,,0,,,0.7406896551724139,,,,,,0,0,,,0,0,,,,,baseline,baseline,baseline,0,,true
Group 07 MCH,OR,0,141,141,0,0,0,0,0,0,0,0.07815213615838833,0,0.07498017732285735,,2.6278014184397147,,,,,,0,0,,,0,0,,,,,baseline,baseline,baseline,0,MCH,true
Group 07 SCH,OR,0,38,38,0,0,0,0,0,0,0,0.05909617612977984,0,0.060943846702427834,,1.0355263157894736,,,,,,0,0,,,0,0,,,,,baseline,baseline,baseline,0,SCH,true
Group 10,OR,0,104,104,0,0,0,0,0,0,0,,0,,,2.8034615384615376,,,,,,0,0,,,0,0,,,,,baseline,baseline,baseline,0,,true
Group 10 MCH,OR,0,4306,4306,0.005109150023223409,22,0,2,0.00046446818392940084,6,0.0007098071690524074,0.07815213615838833,26,0.07498017732285735,6.1804545454545465,4.028934045517872,,,,,,0,0,,,0,0,6.509277751973968,,,,baseline,baseline,baseline,0,MCH,true
Group 10 MCR,OR,0,5005,5005,0.0013986013986013986,7,0,0,0,1,0.00009818360333824252,0.0441400304414003,4,0.07628979143798024,3.235714285714285,1.5090229770229782,,,,,,0,0,,,0,0,0.7719580419580367,,,,baseline,baseline,baseline,0,MCR,true
Group 10 SCH,OR,0,4431,4431,0.002933874971789664,13,0,0,0,0,0,0.05909617612977984,6,0.060943846702427834,1.6153846153846154,1.3036312344843155,,,,,,0,0,,,0,0,-5.123696682464455,,,,baseline,baseline,baseline,0,SCH,true
Group 10 SCR,OR,0,434,434,0,0,0,0,0,0,0,0.03535353535353535,1,0.08274938169826876,,0.7858525345622115,,,,,,0,0,,,0,0,,,,,baseline,baseline,baseline,0,SCR,true
Group 100 MCH,OR,-5,128,128,0.2109375,27,6,13,0.1015625,74,0.06519823788546256,0.07815213615838833,145,0.07498017732285735,50.81814814814814,50.53835937500001,0.16341817010309273,-0.11181735831912254,-0.006325863448262356,-0.1294300172288815,,0,0,-0.006325863448262356,-0.1294300172288815,33.62901577102804,1.265419720456653,1461.6892968749962,1784.1483333333335,1674.5872592354915,-0.06140805226275582,low,low,channel only,-5,MCH,true
Group 100 MCR,OR,0,369,369,0.06504065040650407,24,0,8,0.02168021680216802,19,0.024967148488830485,0.0441400304414003,49,0.07628979143798024,16.38583333333333,12.587560975609765,,,,,,0,0,,,0,0,95.49214092140915,,,,baseline,baseline,baseline,0,MCR,true
Group 100 SCH,OR,30,116,116,0.3017241379310345,35,3,8,0.06896551724137931,66,0.053833605220228384,0.05909617612977984,155,0.060943846702427834,12.133142857142856,11.921293103448276,0.5834070144414971,0.13776476070635646,0.35669651422645177,0.22247102511882133,,0,0,0.5834070144414971,0.13776476070635646,136.29490059530494,2.550764453542624,1597.1168965517231,963.6999999999999,808.5763563048043,-0.16096673621998092,high,high,channel & state,30,SCH,true
Group 100 SCR,OR,0,1856,1856,0.02209051724137931,41,1,12,0.00646551724137931,18,0.004849137931034483,0.03535353535353535,42,0.08274938169826876,10.403170731707318,10.623410560344805,,,,,,0,0,,,0,0,248.10000000000002,604.96,853.0600000000001,0.4101097593229305,baseline,baseline,baseline,0,SCR,true
Group 110 MCH,OR,5,50,50,0.26,13,6,7,0.14,52,0.09558823529411764,0.07815213615838833,196,0.07498017732285735,75.51846153846154,57.808199999999985,0.2315789473684211,-0.07094923948211469,0.3634785051565858,0.025220148296714255,2.5291905053402224,0.6836572250143841,0.7077152335707118,0.3634785051565858,0.025220148296714255,26.59555555555555,0.7790857316360691,1635.261199999999,1507.6783333333333,1575.6300514320474,0.04507043485096672,low,high,channel only,5,MCH,true
Group 110 MCR,OR,0,249,249,0.040160642570281124,10,1,5,0.020080321285140562,10,0.0211864406779661,0.0441400304414003,44,0.07628979143798024,31.619999999999997,27.30975903614457,,,,,,0,0,,,0,0,72.23313253012054,527.15,599.3831325301205,0.13702576596816948,baseline,baseline,baseline,0,MCR,true
Group 110 SCH,OR,-10,90,90,0.03333333333333333,3,2,1,0.011111111111111112,11,0.011178861788617886,0.05909617612977984,58,0.060943846702427834,15.796666666666665,10.85088888888889,0.4000000000000001,0.15031251896352923,-0.19111320767457998,-0.08591792630672289,,0,0,-0.19111320767457998,-0.08591792630672289,9.37142857142857,0.19289296392830524,93.18066666666658,212.475,236.27722610705882,0.11202365505145936,low,mid,channel only,-10,SCH,true
Group 110 SCR,OR,0,103,103,0.02912621359223301,3,0,3,0.02912621359223301,4,0.01990049751243781,0.03535353535353535,8,0.08274938169826876,14.946666666666667,11.197864077669907,,,,,,0,0,,,0,0,35.153300970873794,,,,baseline,baseline,baseline,0,SCR,true
Group 120,OR,0,16,16,0.25,4,0,1,0.0625,2,0.09090909090909091,,3,,21.48,20.814375000000002,,,,,,0,0,,,0,0,27.75,,,,baseline,baseline,baseline,0,,true
Group 120 MCH,OR,10,61,61,0.32786885245901637,20,11,10,0.16393442622950818,63,0.122568093385214,0.07815213615838833,241,0.07498017732285735,87.412,75.7916393442623,0.3287316652286453,0.05108378530608658,0.13372391380607482,-0.03857626276160002,8.521738960483834,0.6219707381545343,0.7129117186144359,0.13372391380607482,-0.03857626276160002,41.693421332765595,1.6292149704536747,2653.4314754098377,1097.9672727272728,1166.4281200275316,0.06235235694248603,low,high,channel only,10,MCH,true
Group 120 MCR,OR,0,1663,1663,0.019242333132892364,32,4,14,0.00841852074564041,29,0.008819951338199513,0.0441400304414003,85,0.07628979143798024,25.009375000000013,19.768707155742604,,,,,4.998125702861424,0.25892172561835,0.8689094500960292,,,0,0,87.33292844257403,373.7450000000001,395.5782321106436,0.05841745604795649,baseline,baseline,baseline,0,MCR,true
Group 120 SCH,OR,-20,206,206,0.043689320388349516,9,3,5,0.024271844660194174,41,0.019158878504672898,0.05909617612977984,134,0.060943846702427834,16.197777777777773,11.112718446601942,0.00857260896508983,-0.13909809390980946,-0.0620968825036897,-0.03372326681769809,,0,0,-0.0620968825036897,-0.03372326681769809,0.7946848015748742,0.017535415917284428,-79.39640776699048,531.27,501.87102502412586,-0.05533716373195197,low,low,channel only,-20,SCH,true
Group 120 SCR,OR,0,244,244,0.01639344262295082,4,0,2,0.00819672131147541,3,0.005905511811023622,0.03535353535353535,41,0.08274938169826876,15.76,9.157459016393442,,,,,,0,0,,,0,0,2.9972131147541177,,,,baseline,baseline,baseline,0,SCR,true
Group 130 MCH,OR,-15,81,81,0.18518518518518517,15,4,8,0.09876543209876543,84,0.08768267223382047,0.07815213615838833,334,0.07498017732285735,73.70866666666667,56.789629629629616,0.04938271604938259,-0.06268357557765449,-0.25004720740895375,-0.16342998540357118,,0,0,-0.25004720740895375,-0.16342998540357118,8.348583877995623,0.22018050618711632,415.73345679012345,3165.1825,3098.555485391916,-0.02104997566746428,low,high,channel only,-15,MCH,true
Group 130 MCR,OR,0,45,45,0.06666666666666667,3,0,0,0,1,0.01020408163265306,0.0441400304414003,12,0.07628979143798024,20.856666666666666,18.784222222222212,,,,,,0,0,,,0,0,22.433555555555543,,,,baseline,baseline,baseline,0,MCR,true
Group 130 SCH,OR,0,96,96,0.08333333333333333,8,0,2,0.020833333333333332,5,0.024509803921568627,0.05909617612977984,39,0.060943846702427834,17.728749999999998,15.793749999999998,,,,,,0,0,,,0,0,3.988749999999982,,,,baseline,baseline,baseline,0,SCH,true
Group 140 MCH,OR,0,459,459,0.19825708061002179,91,11,40,0.08714596949891068,74,0.07982740021574973,0.07815213615838833,309,0.07498017732285735,82.5732967032967,71.8838562091503,,,,,1.9826600835855803,0.14197602733918785,0.9326536454980577,,,0,0,2224.7666666666664,1177.3554545454544,1379.6069696969696,0.17178458244761696,baseline,baseline,baseline,0,MCH,true
Group 140 MCR,OR,-10,328,328,0.01524390243902439,5,1,1,0.003048780487804878,16,0.0047976011994002995,0.0441400304414003,94,0.07628979143798024,17.504,17.180884146341477,1.833672086720867,-0.11252323812742934,-0.31540734883811355,-0.2604201848868146,,0,0,-0.31540734883811355,-0.2604201848868146,32.897589768635285,0.8476395893100239,389.6056097560976,500.27,481.62835160314444,-0.03726317467938422,low,high,channel only,-10,MCR,true
Group 140 SCH,OR,0,191,191,0.12041884816753927,23,0,8,0.041884816753926704,21,0.05585106382978723,0.05909617612977984,140,0.060943846702427834,22.986956521739128,16.35890052356021,,,,,,0,0,,,0,0,-119.4883769633509,,,,baseline,baseline,baseline,0,SCH,true
Group 140 SCR,OR,0,192,192,0.015625,3,0,0,0,3,0.008287292817679558,0.03535353535353535,18,0.08274938169826876,14.486666666666666,7.940156249999997,,,,,,0,0,,,0,0,-16.769791666666677,,,,baseline,baseline,baseline,0,SCR,true
Group 15 MCH,OR,0,1696,1696,0.01768867924528302,30,0,6,0.003537735849056604,15,0.004478948939982084,0.07815213615838833,13,0.07498017732285735,7.037000000000001,6.276851415094343,,,,,,0,0,,,0,0,-76.0724351415094,,,,baseline,baseline,baseline,0,MCH,true
Group 15 MCR,OR,0,68,68,0,0,0,0,0,0,0,0.0441400304414003,0,0.07628979143798024,,1.4608823529411767,,,,,,0,0,,,0,0,,,,,baseline,baseline,baseline,0,MCR,true
Group 15 SCH,OR,0,4145,4145,0.00024125452352231604,1,0,0,0,0,0,0.05909617612977984,12,0.060943846702427834,0.67,1.611425814234018,,,,,,0,0,,,0,0,-1.056788902291918,,,,baseline,baseline,baseline,0,SCH,true
Group 150 MCH,OR,-15,49,49,0.2857142857142857,14,4,11,0.22448979591836735,71,0.13706563706563707,0.07815213615838833,288,0.07498017732285735,84.3457142857143,70.24102040816328,0.37254901960784315,-0.20829840825791773,-0.1063252145651777,-0.13441574621968225,,0,0,-0.1063252145651777,-0.13441574621968225,40.17142857142858,2.366619229541453,224.96571428571588,3064.5499999999997,1960.721265748572,-0.36019276378307674,low,mid,channel only,-15,MCH,true
Group 150 MCR,OR,0,23,23,0,0,0,0,0,0,0,0.0441400304414003,0,0.07628979143798024,,25.968695652173906,,,,,,0,0,,,0,0,,,,,baseline,baseline,baseline,0,MCR,true
Group 150 SCH,OR,0,107,107,0.06542056074766354,7,1,5,0.04672897196261682,8,0.034782608695652174,0.05909617612977984,58,0.060943846702427834,22.815714285714286,17.57271028037384,,,,,,0,0,,,0,0,62.42186915887845,280.88,343.30186915887845,0.22223678851779569,baseline,baseline,baseline,0,SCH,true
Group 150 SCR,OR,0,14,14,0.07142857142857142,1,0,0,0,1,0.02631578947368421,0.03535353535353535,9,0.08274938169826876,20.65,12.870714285714287,,,,,,0,0,,,0,0,23.32999999999999,,,,baseline,baseline,baseline,0,SCR,true
Group 160 MCH,OR,5,22,22,0.3181818181818182,7,3,2,0.09090909090909091,21,0.1337579617834395,0.07815213615838833,69,0.07498017732285735,76.92857142857143,75.42272727272727,0.24380165289256192,0.00004642741074318144,0.12796600521039123,0.03253079069500129,,0,0,0.12796600521039123,0.03253079069500129,9.791754756871036,0.27519612951052486,698.2318181818177,1048.2333333333333,1173.344027722743,0.11935385988114257,low,low,channel only,5,MCH,true
Group 160 MCR,OR,0,1354,1354,0.0051698670605613,7,0,3,0.0022156573116691287,8,0.0030041306796845663,0.0441400304414003,29,0.07628979143798024,22.49285714285714,25.27759231905466,,,,,,0,0,,,0,0,-146.5128286558346,,,,baseline,baseline,baseline,0,MCR,true
Group 160 SCH,OR,0,100,100,0.14,14,0,4,0.04,8,0.03587443946188341,0.05909617612977984,71,0.060943846702427834,25.735000000000003,18.5919,,,,,,0,0,,,0,0,120.01670000000013,,,,baseline,baseline,baseline,0,SCH,true
Group 160 SCR,OR,0,82,82,0.024390243902439025,2,0,1,0.012195121951219513,1,0.0064516129032258064,0.03535353535353535,9,0.08274938169826876,17.655,10.934878048780483,,,,,,0,0,,,0,0,20.02451219512195,,,,baseline,baseline,baseline,0,SCR,true
Group 170 MCH,OR,5,36,36,0.3611111111111111,13,1,6,0.16666666666666666,36,0.10619469026548672,0.07815213615838833,184,0.07498017732285735,93.64076923076924,89.63583333333334,0.11616161616161608,0.02349197196604696,0.38714930103934586,0.029025813910236172,,0,0,0.38714930103934586,0.029025813910236172,12.740196078431367,0.3580617302051222,2688.5808333333334,8774.61,8440.846670203959,-0.03803739765027071,low,high,channel only,5,MCH,true
Group 170 MCR,OR,0,63,63,0.015873015873015872,1,0,0,0,1,0.007751937984496124,0.0441400304414003,22,0.07628979143798024,30.25,27.335873015873023,,,,,,0,0,,,0,0,4.330476190476183,,,,baseline,baseline,baseline,0,MCR,true
Group 170 SCH,OR,0,109,109,0.12844036697247707,14,0,7,0.06422018348623854,12,0.055299539170506916,0.05909617612977984,80,0.060943846702427834,25.002857142857142,20.481834862385327,,,,,,0,0,,,0,0,3.6286238532110247,,,,baseline,baseline,baseline,0,SCH,true
Group 170 SCR,OR,0,55,55,0.01818181818181818,1,0,0,0,0,0,0.03535353535353535,14,0.08274938169826876,19.71,12.800181818181816,,,,,,0,0,,,0,0,20.785090909090904,,,,baseline,baseline,baseline,0,SCR,true
Group 180 MCH,OR,10,38,38,0.39473684210526316,15,3,10,0.2631578947368421,41,0.14487632508833923,0.07815213615838833,188,0.07498017732285735,126.80133333333333,112.58026315789475,0.6240601503759399,0.06326240998820497,0.059765324062185224,-0.00004840396397402549,2.610916275026246,0.09951562831044351,0.9496169250254723,0.059765324062185224,-0.00004840396397402549,42.925804093567265,2.145722935107939,5503.573684210527,2887.1566666666663,2752.7800977324473,-0.046542873992827666,low,low,channel only,10,MCH,true
Group 180 MCR,OR,10,22,22,0.13636363636363635,3,1,2,0.09090909090909091,11,0.06179775280898876,0.0441400304414003,49,0.07628979143798024,26.25333333333333,26.673181818181817,0.0785123966942147,-0.3587363621560007,0.170751991064491,0.03275500433552503,25.393600812595228,0.6730314273334732,0.6867562265925375,0.170751991064491,0.03275500433552503,1.7669801462904857,0.046409775128765596,-75.2600000000001,712.5,608.9774915582994,-0.14529474869010603,low,low,channel only,10,MCR,true
Group 180 SCH,OR,0,2457,2457,0.004884004884004884,12,1,7,0.002849002849002849,8,0.0015800908552241755,0.05909617612977984,41,0.060943846702427834,26.49,18.96308913308911,,,,,3.304683101225997,0.08064247321103254,0.9627715853549117,,,0,0,280.80721611721606,374.23,655.0372161172161,0.7503599821425755,baseline,baseline,baseline,0,SCH,true
Group 180 SCR,OR,0,111,111,0.036036036036036036,4,0,1,0.009009009009009009,4,0.01556420233463035,0.03535353535353535,33,0.08274938169826876,21.04,15.032432432432431,,,,,,0,0,,,0,0,-51.97306306306305,,,,baseline,baseline,baseline,0,SCR,true
Group 20 MCH,OR,0,6240,6240,0.03173076923076923,198,3,51,0.008173076923076924,81,0.006513348343518816,0.07815213615838833,110,0.07498017732285735,11.356060606060613,8.3766217948718,,,,,1.1042950797032283,-0.30614875087675125,1.1361240566908022,,,0,0,470.66519230769336,1336.826666666667,1493.7150641025648,0.11735881797383187,baseline,baseline,baseline,0,MCH,true
Group 20 MCR,OR,0,2642,2642,0.001514004542013626,4,0,0,0,1,0.00018782870022539445,0.0441400304414003,10,0.07628979143798024,6.3950000000000005,2.476203633610902,,,,,,0,0,,,0,0,3.8072823618470863,,,,baseline,baseline,baseline,0,MCR,true
Group 20 SCH,OR,0,7840,7840,0.004464285714285714,35,0,2,0.00025510204081632655,4,0.0002563445270443476,0.05909617612977984,50,0.060943846702427834,2.8954285714285706,2.489354591836741,,,,,,0,0,,,0,0,-33.75237755102049,,,,baseline,baseline,baseline,0,SCH,true
Group 20 SCR,OR,0,1472,1472,0,0,0,0,0,0,0,0.03535353535353535,2,0.08274938169826876,,1.8549728260869558,,,,,,0,0,,,0,0,,,,,baseline,baseline,baseline,0,SCR,true
Group 200 MCH,OR,5,14,14,0.42857142857142855,6,5,7,0.5,35,0.22012578616352202,0.07815213615838833,123,0.07498017732285735,105.47000000000001,109.27214285714288,0.08403361344537814,-0.06583235426668997,0.2167985775918558,0.06280360217711693,7.84743682789011,0.4151405761338824,0.808412514698365,0.2167985775918558,0.06280360217711693,5.282392026578073,0.15474150364027428,650.6971428571424,1307.266,1394.2555873619795,0.06654314222352556,low,high,channel only,5,MCH,true
Group 200 MCR,OR,0,197,197,0.09644670050761421,19,4,8,0.04060913705583756,17,0.04096385542168675,0.0441400304414003,101,0.07628979143798024,63.154736842105265,40.68619289340101,,,,,,0,0,,,0,0,674.6123857868017,463.295,631.9480964467004,0.3640296062912408,baseline,baseline,baseline,0,MCR,true
Group 200 SCH,OR,0,1690,1690,0.009467455621301775,16,2,6,0.0035502958579881655,15,0.004280821917808219,0.05909617612977984,72,0.060943846702427834,26.944999999999997,24.31437869822486,,,,,,0,0,,,0,0,-92.2975266272191,493.085,446.93623668639043,-0.09359190264074055,baseline,baseline,baseline,0,SCH,true
Group 200 SCR,OR,0,289,289,0.07958477508650519,23,0,16,0.05536332179930796,22,0.04066543438077634,0.03535353535353535,73,0.08274938169826876,19.785217391304347,14.809307958477506,,,,,,0,0,,,0,0,-3.4602768166090527,,,,baseline,baseline,baseline,0,SCR,true
Group 210 MCH,OR,0,2,2,1,2,0,1,0.5,2,0.3333333333333333,0.07815213615838833,3,0.07498017732285735,150,150,,,,,,0,0,,,0,0,510.04,,,,baseline,baseline,baseline,0,MCH,true
Group 225 MCH,OR,10,16,16,0.4375,7,1,3,0.1875,34,0.1471861471861472,0.07815213615838833,155,0.07498017732285735,125.32285714285715,112.623125,0.8254310344827586,0.13942371644000354,0.15976538921473715,-0.05170592801520516,,0,0,0.15976538921473715,-0.05170592801520516,45.69886363636363,1.1796773221874761,5759.701249999999,6905.740000000001,5810.6955195043465,-0.15857018661224634,low,mid,channel only,10,MCH,true
Group 225 MCR,OR,10,24,24,0.16666666666666666,4,2,4,0.16666666666666666,22,0.09243697478991597,0.0441400304414003,97,0.07628979143798024,72.8825,41.466666666666676,0.15624999999999994,0.30172019244722753,0.22704262131026418,0.0322114250407834,,0,0,0.22704262131026418,0.0322114250407834,5.36036036036036,0.14078999102266979,634.1858333333325,1128.41,1350.4387844938865,0.1967625105182393,low,mid,channel only,10,MCR,true
Group 225 SCH,OR,0,35,35,0.11428571428571428,4,0,1,0.02857142857142857,6,0.07792207792207792,0.05909617612977984,60,0.060943846702427834,25.727500000000003,27.06628571428571,,,,,,0,0,,,0,0,-67.11800000000005,,,,baseline,baseline,baseline,0,SCH,true
Group 225 SCR,OR,0,168,168,0.05357142857142857,9,0,6,0.03571428571428571,11,0.03481012658227848,0.03535353535353535,27,0.08274938169826876,22.62777777777778,15.139226190476187,,,,,,0,0,,,0,0,59.54595238095237,,,,baseline,baseline,baseline,0,SCR,true
Group 235 MCR,OR,0,51,51,0.0392156862745098,2,0,1,0.0196078431372549,2,0.018691588785046728,0.0441400304414003,16,0.07628979143798024,53.075,42.68980392156863,,,,,,0,0,,,0,0,-39.56313725490199,,,,baseline,baseline,baseline,0,MCR,true
Group 25 MCH,OR,5,269,269,0.1449814126394052,39,2,6,0.022304832713754646,57,0.019668737060041408,0.07815213615838833,112,0.07498017732285735,12.43846153846154,11.167769516728637,0.5258533288273065,-0.005762963873874052,0.3817661328698852,0.03442941663172018,,0,0,0.5258533288273065,-0.005762963873874052,144.79799429411253,4.069530802195075,1800.2759107806696,1712.9099999999999,861.037876089306,-0.4973245085326689,mid,high,channel & state,5,MCH,true
Group 25 MCR,OR,0,305,305,0.006557377049180328,2,0,1,0.003278688524590164,1,0.001718213058419244,0.0441400304414003,13,0.07628979143798024,3.555,3.025377049180329,,,,,,0,0,,,0,0,-9.632721311475409,,,,baseline,baseline,baseline,0,MCR,true
Group 25 SCH,OR,0,3804,3804,0.007097791798107256,27,1,3,0.0007886435331230284,10,0.0013274923669188902,0.05909617612977984,74,0.060943846702427834,3.5470370370370365,5.347423764458466,,,,,,0,0,,,0,0,-32.71820977917983,222.36999999999998,189.65179022082015,-0.14713409982992234,baseline,baseline,baseline,0,SCH,true
Group 250 MCH,OR,0,70,70,0.3,21,1,13,0.18571428571428572,24,0.16551724137931034,0.07815213615838833,117,0.07498017732285735,115.10714285714282,110.75314285714283,,,,,,0,0,,,0,0,721.1507142857135,4286.009999999999,5007.160714285713,0.1682568902745709,baseline,baseline,baseline,0,MCH,true
Group 250 MCR,OR,5,54,54,0.07407407407407407,4,1,1,0.018518518518518517,15,0.0273224043715847,0.0441400304414003,39,0.07628979143798024,63.5675,50.88925925925927,0.48717948717948717,0.0900495970241786,0.9923811458756603,-0.09037639917177377,,0,0,0.9923811458756603,-0.09037639917177377,13.321839080459771,0.380948213843241,721.6583333333333,1863.42,1871.9589246137944,0.004582393992655589,low,mid,channel only,5,MCR,true
Group 250 MCR KG Search,OR,0,4,4,0.25,1,0,0,0,2,0.18181818181818182,0.0441400304414003,8,0.07628979143798024,33.75,26.217499999999998,,,,,,0,0,,,0,0,-44.17750000000001,,,,baseline,baseline,baseline,0,MCR,true
Group 250 SCH,OR,0,27,27,0.2222222222222222,6,0,3,0.1111111111111111,5,0.08771929824561403,0.05909617612977984,16,0.060943846702427834,21.51,19.867037037037036,,,,,,0,0,,,0,0,-4.900000000000034,,,,baseline,baseline,baseline,0,SCH,true
Group 250 SCR,OR,0,115,115,0.06956521739130435,8,0,4,0.034782608695652174,7,0.029411764705882353,0.03535353535353535,11,0.08274938169826876,24.427500000000002,13.966086956521734,,,,,,0,0,,,0,0,143.9544347826087,,,,baseline,baseline,baseline,0,SCR,true
Group 260 MCR,OR,0,30,30,0.03333333333333333,1,1,1,0.03333333333333333,3,0.05263157894736842,0.0441400304414003,20,0.07628979143798024,22.9,38.31866666666666,,,,,,0,0,,,0,0,-150.49,194,43.51,-0.7757216494845361,baseline,baseline,baseline,0,MCR,true
Group 275 MCH,OR,-5,16,16,0.5625,9,7,6,0.375,65,0.2589641434262948,0.07815213615838833,224,0.07498017732285735,121.45555555555555,137.87937499999995,0.5319148936170213,-0.14712382530877022,0.0779790593318929,-0.07389658140991458,,0,0,0.0779790593318929,-0.07389658140991458,49.0234375,1.4029176663823475,4147.786249999999,1857.1742857142856,2040.7204890991889,0.09883089853051125,low,low,channel only,-5,MCH,true
Group 275 MCR,OR,-15,14,14,0.21428571428571427,3,1,2,0.14285714285714285,17,0.12056737588652482,0.0441400304414003,50,0.07628979143798024,52.82333333333333,36.06928571428571,1.2959183673469385,-0.24850960626507332,0.25044404973357,0.12815739612732543,,0,0,0.25044404973357,0.12815739612732543,17.05428571428571,0.4576353350630925,419.7092857142852,1176.3100000000002,1094.9372914626847,-0.06917624481413527,low,low,channel only,-15,MCR,true
Group 275 SCH,OR,0,23,23,0.13043478260869565,3,0,2,0.08695652173913043,5,0.1111111111111111,0.05909617612977984,16,0.060943846702427834,29.180000000000003,32.19521739130434,,,,,,0,0,,,0,0,-55.06608695652176,,,,baseline,baseline,baseline,0,SCH,true
Group 275 SCR,OR,0,110,110,0,0,0,0,0,3,0.014354066985645933,0.03535353535353535,26,0.08274938169826876,,16.448363636363638,,,,,,0,0,,,0,0,,,,,baseline,baseline,baseline,0,SCR,true
Group 30 MCH,OR,5,734,734,0.09673024523160763,71,6,18,0.02452316076294278,113,0.015334509431401818,0.07815213615838833,246,0.07498017732285735,14.356760563380282,12.085722070844692,0.2737300506033477,0.030977058289322096,0.3601396432779623,0.04515313684612195,,0,0,0.3601396432779623,0.04515313684612195,153.18488961510695,3.035085553675147,2489.383256130789,1290.6983333333335,1132.6481852701595,-0.12245320535511704,low,high,channel only,5,MCH,true
Group 30 MCR,OR,5,343,343,0.011661807580174927,4,2,0,0,9,0.0024650780608052587,0.0441400304414003,38,0.07628979143798024,6.93,4.082623906705536,0.36370262390670566,-0.08943089430894309,-0.44656273360924453,-0.36497769569808525,,0,0,-0.44656273360924453,-0.36497769569808525,11.355452954641432,0.32471789325219136,81.26040816326534,106.89999999999999,126.92310280732046,0.1873068550731569,low,mid,channel only,5,MCR,true
Group 30 SCH,OR,0,1431,1431,0.02236198462613557,32,0,7,0.004891684136967156,17,0.005784280367471929,0.05909617612977984,64,0.060943846702427834,3.5031250000000003,2.9185185185185194,,,,,,0,0,,,0,0,-39.31806429070579,,,,baseline,baseline,baseline,0,SCH,true
Group 30 SCR,OR,0,2846,2846,0.004216444132115249,12,2,1,0.00035137034434293746,7,0.0012013042732109147,0.03535353535353535,22,0.08274938169826876,4.07,1.6581271960646526,,,,,36.85503685503685,0.6586834246285656,0.6905832090084298,,,0,0,10.906725228390727,44.545,49.998362614195365,0.1224236752541332,baseline,baseline,baseline,0,SCR,true
Group 300,OR,0,4,4,0.5,2,0,2,0.5,2,0.4,,21,,108.72500000000001,107.9625,,,,,,0,0,,,0,0,54.36249999999998,,,,baseline,baseline,baseline,0,,true
Group 300 MCH,OR,-5,19,19,0.5263157894736842,10,3,4,0.21052631578947367,29,0.20279720279720279,0.07815213615838833,140,0.07498017732285735,143.83700000000002,133.17157894736843,0.7293233082706765,0.06730775346367092,0.3344783598329151,-0.01255993939313849,1.7262647905008515,-0.09471556843417979,1.0455809482655531,0.3344783598329151,-0.01255993939313849,31.741418764302047,0.8714859068244596,3143.2368421052624,2560.7966666666666,2796.245964119976,0.09194376910830206,low,high,channel only,-5,MCH,true
Group 300 MCR,OR,0,70,70,0.07142857142857142,5,0,2,0.02857142857142857,6,0.049586776859504134,0.0441400304414003,39,0.07628979143798024,66.776,45.543285714285716,,,,,,0,0,,,0,0,-193.62457142857147,,,,baseline,baseline,baseline,0,MCR,true
Group 300 SCH,OR,0,5,5,0.4,2,0,0,0,0,0,0.05909617612977984,6,0.060943846702427834,34.7,34.352000000000004,,,,,,0,0,,,0,0,55.52000000000001,,,,baseline,baseline,baseline,0,SCH,true
Group 300 SCR,OR,0,50,50,0.04,2,0,1,0.02,1,0.010752688172043012,0.03535353535353535,10,0.08274938169826876,22.240000000000002,15.961599999999997,,,,,,0,0,,,0,0,38.25280000000001,,,,baseline,baseline,baseline,0,SCR,true
Group 325 MCH,OR,0,19,19,0.15789473684210525,3,4,3,0.15789473684210525,3,0.1,0.07815213615838833,23,0.07498017732285735,121.68,110.90263157894738,,,,,27.208059245153517,0.4979307686484433,0.7405816797052438,,,0,0,211.33894736842097,91.26,144.09473684210525,0.5789473684210524,baseline,baseline,baseline,0,MCH,true
Group 325 MCR,OR,0,39,39,0.3076923076923077,12,2,7,0.1794871794871795,14,0.1917808219178082,0.0441400304414003,29,0.07628979143798024,82.95583333333333,78.81307692307693,,,,,2.009101228565401,0.16561402038940404,0.9215391282474573,,,0,0,-88.604358974359,975.96,931.6578205128205,-0.04539343773021384,baseline,baseline,baseline,0,MCR,true
Group 325 SCH,OR,0,13,13,0,0,0,0,0,1,0.037037037037037035,0.05909617612977984,5,0.060943846702427834,,27.265384615384615,,,,,,0,0,,,0,0,,,,,baseline,baseline,baseline,0,SCH,true
Group 325 SCR,OR,0,27,27,0,0,0,0,0,0,0,0.03535353535353535,3,0.08274938169826876,,12.27777777777778,,,,,,0,0,,,0,0,,,,,baseline,baseline,baseline,0,SCR,true
Group 35 MCH,OR,0,600,600,0.11666666666666667,70,0,21,0.035,45,0.03712871287128713,0.07815213615838833,75,0.07498017732285735,13.873,8.878216666666667,,,,,,0,0,,,0,0,-107.14779999999996,,,,baseline,baseline,baseline,0,MCH,true
Group 35 MCR,OR,0,480,480,0.025,12,0,3,0.00625,5,0.005537098560354375,0.0441400304414003,33,0.07628979143798024,7.978333333333334,4.886625000000006,,,,,,0,0,,,0,0,30.480875000000026,,,,baseline,baseline,baseline,0,MCR,true
Group 35 SCH,OR,0,812,812,0.03571428571428571,29,0,4,0.0049261083743842365,15,0.00926497838171711,0.05909617612977984,87,0.060943846702427834,3.839655172413793,3.28161330049261,,,,,,0,0,,,0,0,-98.14565270935958,,,,baseline,baseline,baseline,0,SCH,true
Group 35 SCR,OR,0,2003,2003,0.006490264603095357,13,0,1,0.0004992511233150275,1,0.00024968789013732833,0.03535353535353535,3,0.08274938169826876,3.487692307692307,1.7698052920619074,,,,,,0,0,,,0,0,32.17736395406887,,,,baseline,baseline,baseline,0,SCR,true
Group 350 MCH,OR,-15,2,2,0.5,1,1,0,0,9,0.21951219512195122,0.07815213615838833,41,0.07498017732285735,105.69,124.095,0.07142857142857141,-0.22011511216056678,-0.06450320512820504,-0.11543232315144726,,0,0,-0.06450320512820504,-0.11543232315144726,1.3666666666666671,0.036043640796236544,207.91499999999996,1958.73,2091.26808435874,0.06766531597450387,low,low,channel only,-15,MCH,true
Group 350 MCR,OR,0,37,37,0.10810810810810811,4,0,1,0.02702702702702703,7,0.09090909090909091,0.0441400304414003,17,0.07628979143798024,71.5775,66.72432432432433,,,,,,0,0,,,0,0,-219.76567567567565,,,,baseline,baseline,baseline,0,MCR,true
Group 350 SCH,OR,0,26,26,0.11538461538461539,3,0,2,0.07692307692307693,5,0.09259259259259259,0.05909617612977984,10,0.060943846702427834,26.19666666666667,29.917307692307695,,,,,,0,0,,,0,0,-54.96461538461537,,,,baseline,baseline,baseline,0,SCH,true
Group 350 SCR,OR,0,21,21,0,0,0,0,0,3,0.06382978723404255,0.03535353535353535,15,0.08274938169826876,,18.43809523809524,,,,,,0,0,,,0,0,,,,,baseline,baseline,baseline,0,SCR,true
Group 375 MCH,OR,0,15,15,0.2,3,0,2,0.13333333333333333,6,0.17142857142857143,0.07815213615838833,38,0.07498017732285735,126.64666666666666,120.06066666666668,,,,,,0,0,,,0,0,-155.6733333333334,,,,baseline,baseline,baseline,0,MCH,true
Group 375 MCR,OR,0,4,4,0,0,0,0,0,2,0.14285714285714285,0.0441400304414003,11,0.07628979143798024,,52.8625,,,,,,0,0,,,0,0,,,,,baseline,baseline,baseline,0,MCR,true
Group 375 SCH,OR,0,3,3,0,0,0,0,0,0,0,0.05909617612977984,3,0.060943846702427834,,32.96666666666667,,,,,,0,0,,,0,0,,,,,baseline,baseline,baseline,0,SCH,true
Group 375 SCR,OR,0,14,14,0,0,0,0,0,0,0,0.03535353535353535,1,0.08274938169826876,,18.96357142857143,,,,,,0,0,,,0,0,,,,,baseline,baseline,baseline,0,SCR,true
Group 40 MCH,OR,10,573,573,0.12041884816753927,69,11,23,0.04013961605584642,178,0.031831187410586555,0.07815213615838833,329,0.07498017732285735,17.23811594202899,15.093263525305405,0.061497808925142394,0.08784508240646084,0.14047646387280863,-0.06521137302482283,2.0875608373024974,-0.6089941837469692,1.2713674397550965,0.14047646387280863,-0.06521137302482283,39.01235542514132,1.0162996376816946,2411.320418848167,836.0472727272731,966.0079033355124,0.1554465098418349,low,high,channel only,10,MCH,true
Group 40 MCR,OR,0,1317,1317,0.01366742596810934,18,0,6,0.004555808656036446,11,0.004222648752399232,0.0441400304414003,79,0.07628979143798024,7.618333333333333,4.93012148823083,,,,,,0,0,,,0,0,63.530432801822286,,,,baseline,baseline,baseline,0,MCR,true
Group 40 SCH,OR,20,275,275,0.08,22,3,5,0.01818181818181818,45,0.01664201183431953,0.05909617612977984,80,0.060943846702427834,4.504999999999999,4.204945454545457,0.256629213483146,0.25913073516942464,0.383505826264084,0.10938941604878614,,0,0,0.383505826264084,0.10938941604878614,44.1769384835479,0.6829280657055817,299.1815999999998,225.11333333333334,264.60511381541176,0.17543065929196439,low,high,channel only,20,SCH,true
Group 40 SCR,OR,0,2874,2874,0.0020876826722338203,6,0,2,0.0006958942240779402,3,0.0005270555165144061,0.03535353535353535,17,0.08274938169826876,4.1450000000000005,1.9658698677800974,,,,,,0,0,,,0,0,12.495407098121092,,,,baseline,baseline,baseline,0,SCR,true
Group 400 MCH,OR,0,21,21,0.19047619047619047,4,0,3,0.14285714285714285,5,0.10416666666666667,0.07815213615838833,43,0.07498017732285735,119.20500000000001,119.83761904761906,,,,,,0,0,,,0,0,-176.5657142857142,,,,baseline,baseline,baseline,0,MCH,true
Group 400 MCR,OR,0,16,16,0.125,2,0,1,0.0625,1,0.02857142857142857,0.0441400304414003,8,0.07628979143798024,96.22999999999999,67.014375,,,,,,0,0,,,0,0,85.90625,,,,baseline,baseline,baseline,0,MCR,true
Group 400 SCH,OR,0,1,1,0,0,0,0,0,1,0.5,0.05909617612977984,6,0.060943846702427834,,29.5,,,,,,0,0,,,0,0,,,,,baseline,baseline,baseline,0,SCH,true
Group 400 SCR,OR,0,37,37,0,0,0,0,0,0,0,0.03535353535353535,3,0.08274938169826876,,25.241081081081077,,,,,,0,0,,,0,0,,,,,baseline,baseline,baseline,0,SCR,true
Group 425 MCR,OR,0,31,31,0.03225806451612903,1,0,0,0,1,0.016666666666666666,0.0441400304414003,26,0.07628979143798024,93.14,54.48612903225806,,,,,,0,0,,,0,0,-10.699032258064506,,,,baseline,baseline,baseline,0,MCR,true
Group 45 MCH,OR,10,210,210,0.1523809523809524,32,1,13,0.06190476190476191,64,0.03007518796992481,0.07815213615838833,141,0.07498017732285735,17.6253125,14.128047619047628,0.3522208883553423,0.24236612537316904,0.09034623075007134,-0.052578140565099706,,0,0,0.09034623075007134,-0.052578140565099706,84.46363636363643,2.5728212379507633,1821.7513333333327,3893.550000000001,1599.6605910827536,-0.589151136858971,low,mid,channel only,10,MCH,true
Group 45 MCR,OR,0,331,331,0.021148036253776436,7,0,1,0.0030211480362537764,2,0.0030349013657056147,0.0441400304414003,27,0.07628979143798024,8.931428571428572,4.467673716012088,,,,,,0,0,,,0,0,8.48335347432024,,,,baseline,baseline,baseline,0,MCR,true
Group 45 SCH,OR,0,72,72,0.125,9,0,2,0.027777777777777776,5,0.028901734104046242,0.05909617612977984,13,0.060943846702427834,4.803333333333334,3.714166666666667,,,,,,0,0,,,0,0,9.44208333333333,,,,baseline,baseline,baseline,0,SCH,true
Group 45 SCR,OR,0,405,405,0.04691358024691358,19,0,8,0.019753086419753086,15,0.018726591760299626,0.03535353535353535,25,0.08274938169826876,3.4794736842105265,3.001802469135802,,,,,,0,0,,,0,0,-7.8391111111110945,,,,baseline,baseline,baseline,0,SCR,true
Group 450 MCR,OR,0,8,8,0.125,1,0,1,0.125,1,0.07692307692307693,0.0441400304414003,1,0.07628979143798024,61.53,49.67125,,,,,,0,0,,,0,0,38.45625,,,,baseline,baseline,baseline,0,MCR,true
Group 450 SCH,OR,0,17,17,0.29411764705882354,5,0,2,0.11764705882352941,5,0.1388888888888889,0.05909617612977984,9,0.060943846702427834,34.064,27.451764705882354,,,,,,0,0,,,0,0,54.16764705882355,,,,baseline,baseline,baseline,0,SCH,true
Group 450 SCR,OR,0,72,72,0,0,0,0,0,1,0.006756756756756757,0.03535353535353535,5,0.08274938169826876,,25.921249999999997,,,,,,0,0,,,0,0,,,,,baseline,baseline,baseline,0,SCR,true
Group 5 MCH,OR,0,2712,2712,0.0029498525073746312,8,0,0,0,0,0,0.07815213615838833,0,0.07498017732285735,3.4562499999999994,1.7512979351032434,,,,,,0,0,,,0,0,-21.643550884955758,,,,baseline,baseline,baseline,0,MCH,true
Group 5 MCR,OR,0,247,247,0,0,0,0,0,0,0,0.0441400304414003,0,0.07628979143798024,,0.5685829959514167,,,,,,0,0,,,0,0,,,,,baseline,baseline,baseline,0,MCR,true
Group 5 SCH,OR,0,8327,8327,0,0,0,0,0,0,0,0.05909617612977984,0,0.060943846702427834,,0.4440074456587011,,,,,,0,0,,,0,0,,,,,baseline,baseline,baseline,0,SCH,true
Group 5 SCR,OR,0,1977,1977,0,0,0,0,0,0,0,0.03535353535353535,0,0.08274938169826876,,0.3411178553363681,,,,,,0,0,,,0,0,,,,,baseline,baseline,baseline,0,SCR,true
Group 50 MCH,OR,10,205,205,0.21951219512195122,45,6,14,0.06829268292682927,113,0.0532015065913371,0.07815213615838833,263,0.07498017732285735,21.155333333333335,22.78151219512194,0.4163763066202089,-0.004820080026656955,0.09774279411828889,-0.046740493205320956,,0,0,0.4163763066202089,-0.004820080026656955,137.0630906309063,3.3325516999525666,3015.915170731707,1141.2716666666668,1056.8969224978243,-0.07393046426472437,mid,high,channel & state,10,MCH,true
Group 50 MCR,OR,0,1317,1317,0.012908124525436599,17,0,6,0.004555808656036446,14,0.005160339107998526,0.0441400304414003,88,0.07628979143798024,7.852941176470588,6.065489749430528,,,,,,0,0,,,0,0,-77.26202733485195,,,,baseline,baseline,baseline,0,MCR,true
Group 50 SCH,OR,0,638,638,0.06583072100313479,42,0,8,0.012539184952978056,15,0.011961722488038277,0.05909617612977984,59,0.060943846702427834,5.875952380952383,4.452789968652039,,,,,,0,0,,,0,0,56.10000000000002,,,,baseline,baseline,baseline,0,SCH,true
Group 50 SCR,OR,0,700,700,0.014285714285714285,10,0,1,0.0014285714285714286,8,0.005649717514124294,0.03535353535353535,49,0.08274938169826876,4.289,3.4786428571428583,,,,,,0,0,,,0,0,-56.999657142857146,,,,baseline,baseline,baseline,0,SCR,true
Group 500 MCH,OR,0,45,45,0.15555555555555556,7,1,6,0.13333333333333333,9,0.10344827586206896,0.07815213615838833,67,0.07498017732285735,143.07142857142858,148.03999999999996,,,,,2.4792885538818874,0.5378198973454603,0.7612695951628268,,,0,0,184.73333333333358,1751.5,1936.2333333333336,0.1054715006185176,baseline,baseline,baseline,0,MCH,true
Group 500 MCR,OR,0,31,31,0,0,0,0,0,2,0.03571428571428571,0.0441400304414003,12,0.07628979143798024,,62.36129032258065,,,,,,0,0,,,0,0,,,,,baseline,baseline,baseline,0,MCR,true
Group 500 SCH,OR,0,1,1,0,0,0,0,0,0,0,0.05909617612977984,12,0.060943846702427834,,34.7,,,,,,0,0,,,0,0,,,,,baseline,baseline,baseline,0,SCH,true
Group 500 SCR,OR,0,426,426,0.007042253521126761,3,0,2,0.004694835680751174,5,0.005834305717619603,0.03535353535353535,48,0.08274938169826876,34.11,27.20056338028167,,,,,,0,0,,,0,0,-15.918943661971838,,,,baseline,baseline,baseline,0,SCR,true
Group 55 MCH,OR,5,271,271,0.25092250922509224,68,4,23,0.08487084870848709,151,0.05634328358208955,0.07815213615838833,265,0.07498017732285735,15.902500000000005,17.227564575645772,0.13127775345550066,-0.009631380281452481,0.34137911230418116,0.053139073434453,,0,0,0.34137911230418116,0.053139073434453,78.03623449768327,1.9790724427297133,1938.931143911439,2188.765000000001,1788.5702584043552,-0.18284043357585006,low,high,channel only,5,MCH,true
Group 55 MCR,OR,0,287,287,0.010452961672473868,3,0,1,0.003484320557491289,1,0.0016474464579901153,0.0441400304414003,22,0.07628979143798024,3.64,7.048885017421605,,,,,,0,0,,,0,0,-3.6543902439024336,,,,baseline,baseline,baseline,0,MCR,true
Group 55 SCH,OR,0,384,384,0.10416666666666667,40,0,4,0.010416666666666666,10,0.012853470437017995,0.05909617612977984,27,0.060943846702427834,5.4365000000000006,5.562656249999999,,,,,,0,0,,,0,0,24.123020833333385,,,,baseline,baseline,baseline,0,SCH,true
Group 55 SCR,OR,0,103,103,0.019417475728155338,2,0,1,0.009708737864077669,2,0.009433962264150943,0.03535353535353535,8,0.08274938169826876,4.28,3.4700000000000015,,,,,,0,0,,,0,0,1.0886407766990303,,,,baseline,baseline,baseline,0,SCR,true
Group 550 MCH,OR,0,8,8,0.375,3,0,3,0.375,5,0.4166666666666667,0.07815213615838833,13,0.07498017732285735,130,127.15,,,,,,0,0,,,0,0,-232.84000000000003,,,,baseline,baseline,baseline,0,MCH,true
Group 550 MCR,OR,0,41,41,0.04878048780487805,2,0,1,0.024390243902439025,1,0.012345679012345678,0.0441400304414003,11,0.07628979143798024,49.255,63.95560975609758,,,,,,0,0,,,0,0,55.84731707317073,,,,baseline,baseline,baseline,0,MCR,true
Group 550 SCH,OR,0,26,26,0.11538461538461539,3,0,1,0.038461538461538464,4,0.0851063829787234,0.05909617612977984,21,0.060943846702427834,28.91,32.41230769230771,,,,,,0,0,,,0,0,-138.47884615384615,,,,baseline,baseline,baseline,0,SCH,true
Group 60 MCH,OR,10,193,193,0.09326424870466321,18,1,5,0.025906735751295335,43,0.02068302068302068,0.07815213615838833,142,0.07498017732285735,20.534444444444446,28.159326424870468,0.07357512953367865,-0.15705788983963073,0.12283020501108612,-0.0790777948467497,,0,0,0.12283020501108612,-0.0790777948467497,13.288264948886678,0.34302526505159503,14.364300518134769,3967.19,2964.6160829038276,-0.25271638542549574,low,high,channel only,10,MCH,true
Group 60 MCR,OR,0,803,803,0.038605230386052306,31,0,13,0.0161892901618929,19,0.01211734693877551,0.0441400304414003,84,0.07628979143798024,8.790000000000003,7.78163138231631,,,,,,0,0,,,0,0,49.11508094645086,,,,baseline,baseline,baseline,0,MCR,true
Group 60 SCH,OR,30,656,656,0.01524390243902439,10,2,1,0.001524390243902439,25,0.0038017031630170318,0.05909617612977984,64,0.060943846702427834,8.529,13.469756097560982,1.0839684959349591,0.14412833268123643,0.8318221891665142,0.18235178322564313,12.31671549088662,0.5033635592913576,0.7628191122710936,1.0839684959349591,0.14412833268123643,52.14149463652514,0.9758301337211828,318.92024390243887,268.03000000000003,287.30814780523536,0.07192533598938676,mid,high,channel & state,30,SCH,true
Group 60 SCR,OR,0,224,224,0.026785714285714284,6,0,2,0.008928571428571428,3,0.00683371298405467,0.03535353535353535,12,0.08274938169826876,5.473333333333334,4.46848214285714,,,,,,0,0,,,0,0,9.00053571428571,,,,baseline,baseline,baseline,0,SCR,true
Group 600 MCH,OR,5,3,3,0.3333333333333333,1,1,1,0.3333333333333333,10,0.2564102564102564,0.07815213615838833,29,0.07498017732285735,140.91,139.47,0.4000000000000001,-0.021458333333333357,0.049379589769561895,0.1712666800868512,,0,0,0.049379589769561895,0.1712666800868512,3.7142857142857153,0.10438956835090252,228.41999999999985,1603.41,1658.6810057752778,0.03447091247733123,low,low,channel only,5,MCH,true
Group 600 MCR,OR,0,36,36,0.05555555555555555,2,0,1,0.027777777777777776,2,0.025,0.0441400304414003,5,0.07628979143798024,62.68,61.84555555555557,,,,,,0,0,,,0,0,-45.70222222222225,,,,baseline,baseline,baseline,0,MCR,true
Group 600 SCH,OR,0,4,4,0,0,0,0,0,0,0,0.05909617612977984,5,0.060943846702427834,,26.707500000000003,,,,,,0,0,,,0,0,,,,,baseline,baseline,baseline,0,SCH,true
Group 600 SCR,OR,0,7,7,0,0,0,0,0,0,0,0.03535353535353535,1,0.08274938169826876,,23.049999999999994,,,,,,0,0,,,0,0,,,,,baseline,baseline,baseline,0,SCR,true
Group 65 MCH,OR,-20,1,1,1,1,1,0,0,14,0.06451612903225806,0.07815213615838833,48,0.07498017732285735,3.08,3.08,2.7096774193548385,-0.8888681968434284,-0.08161207921210648,0.03328398894145211,,0,0,-0.08161207921210648,0.03328398894145211,158.50434782608696,4.303075279919328,-716.85,1385.21,126.03253107320914,-0.9090155780905356,low,low,channel only,-20,MCH,true
Group 65 MCR,OR,0,69,69,0.11594202898550725,8,0,4,0.057971014492753624,4,0.030534351145038167,0.0441400304414003,9,0.07628979143798024,11.103750000000002,7.626376811594203,,,,,,0,0,,,0,0,-7.121739130434776,,,,baseline,baseline,baseline,0,MCR,true
Group 65 SCH,OR,0,38,38,0.3157894736842105,12,0,2,0.05263157894736842,4,0.05263157894736842,0.05909617612977984,12,0.060943846702427834,5.48,5.581578947368422,,,,,,0,0,,,0,0,19.60000000000001,,,,baseline,baseline,baseline,0,SCH,true
Group 65 SCR,OR,0,58,58,0.017241379310344827,1,0,0,0,0,0,0.03535353535353535,2,0.08274938169826876,6.29,4.266551724137932,,,,,,0,0,,,0,0,5.530862068965516,,,,baseline,baseline,baseline,0,SCR,true
Group 650 MCH,OR,0,1,1,0,0,0,0,0,2,0.6666666666666666,0.07815213615838833,2,0.07498017732285735,,150,,,,,,0,0,,,0,0,,,,,baseline,baseline,baseline,0,MCH,true
Group 650 SCR,OR,0,4,4,0,0,0,0,0,0,0,0.03535353535353535,0,0.08274938169826876,,25.55,,,,,,0,0,,,0,0,,,,,baseline,baseline,baseline,0,SCR,true
Group 70,OR,0,1,1,0,0,0,0,0,0,0,,1,,,7.07,,,,,,0,0,,,0,0,,,,,baseline,baseline,baseline,0,,true
Group 70 MCH,OR,5,70,70,0.2,14,3,5,0.07142857142857142,46,0.07210031347962383,0.07815213615838833,120,0.07498017732285735,29.566428571428577,32.10914285714286,0.05999999999999999,-0.22986042115525598,0.20803599804859743,0.006877465042749532,,0,0,0.20803599804859743,0.006877465042749532,7.222641509433956,0.202991500256225,-412.39371428571394,1395.0233333333335,1177.8602239226952,-0.15566987606704663,low,high,channel only,5,MCH,true
Group 70 MCR,OR,0,2719,2719,0.016182420007355647,44,0,12,0.004413387274733358,23,0.00430469773535467,0.0441400304414003,106,0.07628979143798024,9.741136363636365,8.917602059580739,,,,,,0,0,,,0,0,77.68465980139763,,,,baseline,baseline,baseline,0,MCR,true
Group 70 SCH,OR,10,69,69,0.17391304347826086,12,1,5,0.07246376811594203,24,0.04006677796327212,0.05909617612977984,54,0.060943846702427834,11.559166666666668,8.800869565217388,0.44444444444444436,0.8298667604766726,0.14450685460957913,0.022768112196331236,,0,0,0.14450685460957913,0.022768112196331236,32.05351170568561,0.6725380282747654,484.38362318840586,719.78,719.9618799881691,0.0002526883049948005,low,high,channel only,10,SCH,true
Group 70 SCR,OR,10,96,96,0.07291666666666667,7,1,1,0.010416666666666666,8,0.008537886872998933,0.03535353535353535,20,0.08274938169826876,3.5471428571428567,4.855416666666667,0.7986111111111112,-0.2917518421678156,0.42965041251613095,-0.04993581166081573,,0,0,0.42965041251613095,-0.04993581166081573,30.33643018018018,0.8642524079569367,32.661145833333336,209.69,129.9991056999249,-0.3800414626356769,low,high,channel only,10,SCR,true
Group 700 MCH,OR,0,4,4,0.75,3,0,1,0.25,1,0.2,0.07815213615838833,7,0.07498017732285735,150,150,,,,,,0,0,,,0,0,112.5,,,,baseline,baseline,baseline,0,MCH,true
Group 700 SCH,OR,0,14,14,0.21428571428571427,3,1,4,0.2857142857142857,7,0.25,0.05909617612977984,19,0.060943846702427834,31.89,35.71642857142857,,,,,10.980376964750914,0.7046874139274335,0.6951086371026083,,,0,0,-39.650000000000006,230.99,191.34,-0.17165245248712066,baseline,baseline,baseline,0,SCH,true
Group 700 SCR,OR,0,23,23,0.043478260869565216,1,0,1,0.043478260869565216,1,0.023255813953488372,0.03535353535353535,1,0.08274938169826876,28,26.58608695652174,,,,,,0,0,,,0,0,24.347826086956516,,,,baseline,baseline,baseline,0,SCR,true
Group 75 MCH,OR,0,11,11,0.2727272727272727,3,0,0,0,0,0,0.07815213615838833,8,0.07498017732285735,21.04,38.14000000000001,,,,,,0,0,,,0,0,13.675454545454542,,,,baseline,baseline,baseline,0,MCH,true
Group 75 MCR,OR,0,39,39,0.07692307692307693,3,0,1,0.02564102564102564,1,0.014492753623188406,0.0441400304414003,5,0.07628979143798024,12.11,14.217435897435895,,,,,,0,0,,,0,0,-33.13384615384615,,,,baseline,baseline,baseline,0,MCR,true
Group 75 SCH,OR,0,434,434,0.1497695852534562,65,0,13,0.029953917050691243,29,0.031868131868131866,0.05909617612977984,104,0.060943846702427834,8.700923076923077,8.0452534562212,,,,,,0,0,,,0,0,100.95161290322562,,,,baseline,baseline,baseline,0,SCH,true
Group 75 SCR,OR,0,156,156,0.019230769230769232,3,0,2,0.01282051282051282,3,0.009584664536741214,0.03535353535353535,13,0.08274938169826876,4.546666666666667,4.36903846153846,,,,,,0,0,,,0,0,-0.3225641025641046,,,,baseline,baseline,baseline,0,SCR,true
Group 750 SCH,OR,0,1,1,0,0,0,0,0,0,0,0.05909617612977984,0,0.060943846702427834,,34.7,,,,,,0,0,,,0,0,,,,,baseline,baseline,baseline,0,SCH,true
Group 80 MCH,OR,10,352,352,0.09375,33,4,14,0.03977272727272727,94,0.02904820766378245,0.07815213615838833,282,0.07498017732285735,44.21333333333334,48.95803977272726,0.20900000000000005,-0.05771094231747414,0.2818438942879058,-0.06074209576629161,1.701809057128461,0.2692521754238296,0.8782063770861529,0.2818438942879058,-0.06074209576629161,52.444478908188586,1.66824692709005,1890.630000000001,2880.6475,2366.3789126572237,-0.17852534450771096,low,high,channel only,10,MCH,true
Group 80 MCR,OR,0,558,558,0.035842293906810034,20,0,9,0.016129032258064516,11,0.009838998211091235,0.0441400304414003,78,0.07628979143798024,13.2285,10.648494623655923,,,,,,0,0,,,0,0,-63.08172043010745,,,,baseline,baseline,baseline,0,MCR,true
Group 80 SCH,OR,-10,124,124,0.06451612903225806,8,1,3,0.024193548387096774,18,0.016697588126159554,0.05909617612977984,40,0.060943846702427834,5.97,6.935483870967741,0.25448028673835127,-0.34162480088224484,-0.14166793795633392,-0.1998927647450364,,0,0,-0.14166793795633392,-0.1998927647450364,14.108387096774194,0.2903942107227504,-24.896129032258102,440.1,321.76513775211845,-0.26888175925444574,low,mid,channel only,-10,SCH,true
Group 80 SCR,OR,0,398,398,0.002512562814070352,1,0,0,0,0,0,0.03535353535353535,19,0.08274938169826876,9.63,7.674623115577888,,,,,,0,0,,,0,0,-23.861683417085427,,,,baseline,baseline,baseline,0,SCR,true
Group 90 MCH,OR,10,40,40,0.375,15,4,3,0.075,37,0.09068627450980392,0.07815213615838833,123,0.07498017732285735,55.529999999999994,48.34100000000001,0.5566037735849056,-0.12111936643692432,0.3048984952402208,-0.024260362119757614,,0,0,0.3048984952402208,-0.024260362119757614,54.709090909090904,1.4122686808254097,2340.6299999999983,1538.865,1569.7834865626598,0.020091747205024376,low,high,channel only,10,MCH,true
Group 90 MCR,OR,0,336,336,0.020833333333333332,7,0,3,0.008928571428571428,8,0.011267605633802818,0.0441400304414003,48,0.07628979143798024,11.264285714285716,13.260267857142862,,,,,,0,0,,,0,0,-40.932440476190465,,,,baseline,baseline,baseline,0,MCR,true
Group 90 SCH,OR,0,1378,1378,0.012336719883889695,17,0,4,0.002902757619738752,7,0.0025188916876574307,0.05909617612977984,26,0.060943846702427834,9.621176470588235,15.783359941944859,,,,,,0,0,,,0,0,19.37995645863566,,,,baseline,baseline,baseline,0,SCH,true
Group 90 SCR,OR,0,4441,4441,0.0024769196126998424,11,0,5,0.001125872551227201,8,0.0009141812364301222,0.03535353535353535,22,0.08274938169826876,7.425454545454546,9.848698491330772,,,,,,0,0,,,0,0,-2.1993852735870405,,,,baseline,baseline,baseline,0,SCR,true
KG MCH Search,OR,0,1,1,0,0,0,0,0,0,0,0.07815213615838833,2,0.07498017732285735,,74.49,,,,,,0,0,,,0,0,,,,,baseline,baseline,baseline,0,MCH,true
KG SCH Search,OR,0,3,3,1,3,1,0,0,0,0,0.05909617612977984,4,0.060943846702427834,22.16333333333333,22.163333333333338,,,,,15.799257996957738,0.9191013579017012,0.6391043119079646,,,0,0,25.20666666666665,85.61,110.81666666666665,0.2944360082544872,baseline,baseline,baseline,0,SCH,true
